{"organisation":"VIC_Govt_DEPI","name":"sii:VMADMIN.POSTCODE_POLYGON","title":"Victorian Postcode Boundaries (polygon) - Vicmap Admin","legal":{"copyrightYear":"2012 - 2015","attributionYear":"2015","attribution":"{datasource.organisationTitle}, ({dataset.attributionYear}): {dataset.title}. Accessed from AURIN Portal on {dateOfAccess}.","copyrightTitle":"VIC_Govt_DEPI Terms and Conditions","clickthrough":false,"licenceType":"Data Licence (Government of Victoria - Department of Environment and Primary Industries)","copyrightNotice":"&copy; {datasource.organisationTitle} {dataset.copyrightYear}","disclaimerUrl":"https://apps.aurin.org.au/gate/copyright/VIC_Govt_DEPI/VIC_Govt_DEPI_disc.pdf"},"referenceSystemIdentifier":"urn:x-ogc:def:crs:EPSG:4283","geoLevel":"NA","key":"UFI","keyRegex":null,"availability":"true","geomField":"SHAPE","keyword":"ANZVI0803003025, boundaries, administrative","theme":null,"temporalExtent":{"beginDate":"2004-05-15T00:00:00","endDate":"2014-01-01T00:00:00","selectTime":false},"type":"dataset","_id":"dataset-VIC_Govt_DEPI-sii:VMADMIN_POSTCODE_POLYGON-NA","bbox":null,"abstract":"Part of the Vicmap Admin dataset series.  Full topology.  Polygon layer. attribution (postcode numbers, unique feature identification, data quality pointer etc) is available. These Boundaries are created by notification from Australia Post as their Post Code boundaries are aligned with Locality.  Aligned with Property.","selectedAttributes":[{"name":"UFI","type":"java.lang.Double","title":"Unique Feature identifier","description":"Database wide Unique Feature identifier. Assigned at every feature creation or edit, superseded by each edit to the feature.","stype":"Nominal","isDimension":false},{"name":"SHAPE","type":"com.vividsolutions.jts.geom.MultiPolygon","title":"Geometry","description":"Geometry column defines the shape position and extents","stype":"Nominal","isDimension":false},{"name":"POSTCODE","type":"java.lang.String","title":"Postcode","description":"4 digit Postcode as defined by Australia Post","stype":"Nominal","isDimension":false}],"filter":{"filterType":"tabular","spatial":{"bbox":[144.444052992,-38.5029880155,145.817626336,-37.4017503555]},"states":["2"]}}